cryptoPair,copyPopularity,roi,pnl,runningTime,direction
BNBUSDT Perpetual,393,1420.01%,4260.04,1y 54d 11h 6m,1y 54d 11h 6m
ADAUSDT Perpetual,739,1369.06%,164.29,61d 10h,61d 10h
ETHUSDT Perpetual,179,1263.91%,3791.75,1y 54d 11h 27m,1y 54d 11h 27m
DOGEUSDT Perpetual,63,1025.05%,178.36,1y 2h 31m,1y 2h 31m
CHZUSDT Perpetual,17,944.50%,2411.78,1y 28d 1h 27m,1y 28d 1h 27m
TRXUSDT Perpetual,49,873.89%,183.52,154d 11h 13m,154d 11h 13m
ALICEUSDT Perpetual,10,819.16%,737.25,348d 11h 49m,348d 11h 49m
ETHUSDT Perpetual,0,811.83%,2005.23,1y 53d 17h 38m,1y 53d 17h 38m
ANKRUSDT Perpetual,8,773.50%,77.35,319d 20h 48m,319d 20h 48m
UNFIUSDT Perpetual,57,734.71%,146.94,28d 7h 24m,28d 7h 24m
XMRUSDT Perpetual,6,710.58%,4263.51,157d 13h 25m,157d 13h 25m
ETHUSDT Perpetual,0,698.68%,1900.43,1y 53d 2h 39m,1y 53d 2h 39m
BAKEUSDT Perpetual,14,694.75%,69.48,48d 2h 11m,48d 2h 11m
BTCUSDT Perpetual,32,640.73%,44.85,1y 31d 19h 11m,1y 31d 19h 11m
API3USDT Perpetual,19,601.47%,120.30,36d 23h 45m,36d 23h 45m
XMRUSDT Perpetual,0,585.56%,1171.13,1y 24d 5h 43m,1y 24d 5h 43m
CRVUSDT Perpetual,0,502.72%,235.28,30d 3h 11m,30d 3h 11m
BTCUSDT Perpetual,3,442.50%,221.25,1y 85d 22h 20m,1y 85d 22h 20m
UNIUSDT Perpetual,0,432.12%,1352.54,1y 27d 1h 13m,1y 27d 1h 13m
LTCUSDT Perpetual,1,426.08%,1273.98,1y 27d 1h 11m,1y 27d 1h 11m
BTCUSDT Perpetual,6,404.77%,109.29,20d 17h 19m,20d 17h 19m
BTCUSDT Perpetual,2,398.23%,107.52,20d 17h 20m,20d 17h 20m
PEOPLEUSDT Perpetual,8,397.20%,32.85,42d 5h 8m,42d 5h 8m
ZECUSDT Perpetual,0,390.89%,195.45,138d 13h 40m,138d 13h 40m
DUSKUSDT Perpetual,4,377.78%,22.29,29d 5h 52m,29d 5h 52m
LTCUSDT Perpetual,0,360.53%,93.27,244d 20h 34m,244d 20h 34m
ADAUSDT Perpetual,1,356.30%,24.02,61d 12h 10m,61d 12h 10m
KNCUSDT Perpetual,0,344.47%,861.19,1y 68d 10h 46m,1y 68d 10h 46m
LINKUSDT Perpetual,1,342.02%,276.36,61d 4h 9m,61d 4h 9m
BLZUSDT Perpetual,0,334.32%,100.30,153d 59m,153d 59m
ETHUSDT Perpetual,7,323.19%,46.12,29d 5h 29m,29d 5h 29m
TRXUSDT Perpetual,2,310.98%,398.07,176d 8h 53m,176d 8h 53m
AVAXUSDT Perpetual,0,307.43%,676.35,236d 23h 37m,236d 23h 37m
TRXUSDT Perpetual,0,307.11%,153.56,102d 1h 41m,102d 1h 41m
TRBUSDT Perpetual,4,299.70%,154.20,32d 1h 35m,32d 1h 35m
BTSUSDT Perpetual,0,294.21%,38.25,22d 12h 13m,22d 12h 13m
BAKEUSDT Perpetual,9,293.04%,301.51,18d 22h 9m,18d 22h 9m
BTCUSDT Perpetual,7,292.48%,193.97,28d 17h 39m,28d 17h 39m
ETHBUSD Perpetual,15,292.37%,353.77,26d 5h 16m,26d 5h 16m
MATICUSDT Perpetual,0,288.91%,19.91,41d 22h 20m,41d 22h 20m
SOLUSDT Perpetual,2,287.21%,23.75,24d 22h 55m,24d 22h 55m
KNCUSDT Perpetual,3,286.86%,286.87,20d 17h 4m,20d 17h 4m
ETHUSDT Perpetual,0,284.98%,1.62,8d 20h 10m,8d 20h 10m
SNXUSDT Perpetual,45,281.21%,17.10,21d 20h 6m,21d 20h 6m
ZRXUSDT Perpetual,7,281.06%,14.05,14d 21h 27m,14d 21h 27m
EOSUSDT Perpetual,0,278.16%,556.33,29d 16h 52m,29d 16h 52m
UNIUSDT Perpetual,0,275.16%,46.78,59d 7h 51m,59d 7h 51m
GMTUSDT Perpetual,5,269.81%,404.72,13d 4h 27m,13d 4h 27m
ARUSDT Perpetual,0,267.30%,240.58,138d 13h 44m,138d 13h 44m
1000SHIBUSDT Perpetual,5,265.81%,26.58,17d 22h 13m,17d 22h 13m
ETHUSDT Perpetual,0,260.66%,260.67,11d 8h 35m,11d 8h 35m
BTCBUSD Perpetual,14,258.02%,21.08,24d 8h 38m,24d 8h 38m
THETAUSDT Perpetual,0,257.96%,103.19,28d 3h 31m,28d 3h 31m
JASMYUSDT Perpetual,0,253.76%,12.18,28d 21h 37m,28d 21h 37m
FLMUSDT Perpetual,1,250.90%,32.64,17d 18h 36m,17d 18h 36m
TLMBUSD Perpetual,1,249.67%,374.51,26d 11h 25m,26d 11h 25m
LINKUSDT Perpetual,0,247.70%,1238.51,63d 13h 54m,63d 13h 54m
AXSUSDT Perpetual,1,243.11%,127.78,22d 17h 37m,22d 17h 37m
XMRUSDT Perpetual,1,241.29%,526.02,116d 7h 49m,116d 7h 49m
1000SHIBUSDT Perpetual,9,240.10%,19.21,19d 12h 54m,19d 12h 54m
BNBUSDT Perpetual,0,237.69%,594.23,1y 77d 9h 19m,1y 77d 9h 19m
IOSTUSDT Perpetual,2,236.21%,13.23,28d 22h 44m,28d 22h 44m
BTCBUSD Perpetual,0,235.28%,235.28,12d 23h 47m,12d 23h 47m
BNBUSDT Perpetual,1,230.27%,17.22,28d 14h 34m,28d 14h 34m
EOSUSDT Perpetual,2,228.22%,68.47,14d 1h 27m,14d 1h 27m
ATOMUSDT Perpetual,0,224.35%,76.28,231d 10h 4m,231d 10h 4m
1000XECUSDT Perpetual,1,223.28%,11.16,19d 12h 48m,19d 12h 48m
AVAXUSDT Perpetual,0,223.08%,126.80,22d 17h 37m,22d 17h 37m
ANCBUSD Perpetual,4,220.92%,66.28,22d 19h 15m,22d 19h 15m
API3USDT Perpetual,0,219.57%,27.23,13d 1h 24m,13d 1h 24m
ALPHAUSDT Perpetual,0,218.87%,5.91,21d 5h 40m,21d 5h 40m
GMTUSDT Perpetual,6,218.03%,8.70,29d 12h 13m,29d 12h 13m
DOTUSDT Perpetual,0,215.34%,11.35,27d 5h 15m,27d 5h 15m
ETHUSDT Perpetual,5,214.31%,6.43,14d 8h 51m,14d 8h 51m
KSMUSDT Perpetual,0,213.68%,358.99,30d 22h 57m,30d 22h 57m
SNXUSDT Perpetual,1,213.59%,26.29,12d 10h 51m,12d 10h 51m
DOTUSDT Perpetual,2,212.68%,642.30,62d 3h 15m,62d 3h 15m
ADAUSDT Perpetual,0,212.64%,35.34,164d 18h 37m,164d 18h 37m
MANAUSDT Perpetual,1,212.52%,42.51,32d 3h 4m,32d 3h 4m
NEARUSDT Perpetual,1,212.35%,111.31,22d 18h 12m,22d 18h 12m
MASKUSDT Perpetual,0,212.29%,424.58,21d 15h,21d 15h
APEUSDT Perpetual,0,211.68%,21.17,14d 9h 52m,14d 9h 52m
ZILUSDT Perpetual,0,211.16%,2.32,92d 17h 22m,92d 17h 22m
PEOPLEUSDT Perpetual,0,208.43%,1042.20,46d 4h 47m,46d 4h 47m
SUSHIUSDT Perpetual,1,205.46%,73.97,51d 9h 55m,51d 9h 55m
MATICUSDT Perpetual,4,197.70%,83.11,19d 15h 47m,19d 15h 47m
LUNA2BUSD Perpetual,1,197.56%,217.32,28d 8h 3m,28d 8h 3m
XTZUSDT Perpetual,0,197.34%,592.04,20d 13h 59m,20d 13h 59m
ETHUSDT Perpetual,1,192.92%,22.84,28d 16h 30m,28d 16h 30m
HNTUSDT Perpetual,1,192.40%,40.40,33d 18h 32m,33d 18h 32m
STORJUSDT Perpetual,0,191.14%,57.34,22d 7h 30m,22d 7h 30m
BTCUSDT Perpetual,1,190.37%,20.26,18d 11h 10m,18d 11h 10m
MATICUSDT Perpetual,0,190.05%,24.44,18d 11h 33m,18d 11h 33m
LINKUSDT Perpetual,0,189.97%,103.84,19d 22h 48m,19d 22h 48m
SANDUSDT Perpetual,1,189.02%,56.71,43d 22h 53m,43d 22h 53m
MATICUSDT Perpetual,1,188.11%,30.10,49d 5h 12m,49d 5h 12m
AVAXUSDT Perpetual,1,186.99%,181.38,46d 7h 39m,46d 7h 39m
SOLBUSD Perpetual,1,183.38%,916.91,32d 5h 58m,32d 5h 58m
XRPUSDT Perpetual,2,182.67%,11.16,29d 6h 8m,29d 6h 8m
XRPUSDT Perpetual,17,182.46%,22807.64,1y 51d 17m,1y 51d 17m
IOTXUSDT Perpetual,0,178.44%,12.76,28d 2h 31m,28d 2h 31m
THETAUSDT Perpetual,0,178.19%,179.09,27d 9h 29m,27d 9h 29m
LITUSDT Perpetual,1,177.36%,886.79,21d 23h 40m,21d 23h 40m
SANDUSDT Perpetual,0,176.73%,15.02,47d 20h 27m,47d 20h 27m
LUNA2BUSD Perpetual,3,176.13%,264.20,26d 15h 23m,26d 15h 23m
FTMBUSD Perpetual,0,175.23%,17.52,28d 23h 4m,28d 23h 4m
LTCUSDT Perpetual,0,175.08%,623.30,1y 39d 5h 48m,1y 39d 5h 48m
SOLUSDT Perpetual,0,174.04%,87.02,23d 16h 41m,23d 16h 41m
LINKUSDT Perpetual,0,171.55%,68.62,23d 15h 27m,23d 15h 27m
BATUSDT Perpetual,0,171.44%,20.57,25d 4h 27m,25d 4h 27m
MASKUSDT Perpetual,0,171.17%,25.68,19d 13h 38m,19d 13h 38m
UNFIUSDT Perpetual,0,170.03%,17.00,13d 41m,13d 41m
RLCUSDT Perpetual,0,168.65%,109.63,11d 14h 36m,11d 14h 36m
LINKUSDT Perpetual,0,168.03%,11.21,11d 12h 46m,11d 12h 46m
SNXUSDT Perpetual,0,167.14%,49.46,14d 8h 15m,14d 8h 15m
BTSUSDT Perpetual,1,166.68%,168.35,51d 16h 42m,51d 16h 42m
CVCUSDT Perpetual,0,166.42%,41.61,28d 9h 36m,28d 9h 36m
LITUSDT Perpetual,0,166.33%,49.90,23d 16h 39m,23d 16h 39m
CHZUSDT Perpetual,0,165.44%,16.54,19d 11h 10m,19d 11h 10m
TRXUSDT Perpetual,0,165.27%,239.65,119d 1h 52m,119d 1h 52m
XRPBUSD Perpetual,5,164.14%,6.57,193d 14h 45m,193d 14h 45m
BNBBUSD Perpetual,14,163.69%,11.69,29d 6h 43m,29d 6h 43m
BCHUSDT Perpetual,0,163.50%,9.61,26d 9h 19m,26d 9h 19m
MATICUSDT Perpetual,0,163.29%,31.38,39d 18h 35m,39d 18h 35m
THETAUSDT Perpetual,0,162.78%,40.70,11d 7h 19m,11d 7h 19m
1000LUNCBUSD Perpetual,6,161.93%,16193.79,14d 8h 27m,14d 8h 27m
RLCUSDT Perpetual,0,161.35%,27.43,12d 5h 2m,12d 5h 2m
ETHUSDT Perpetual,0,160.84%,14.48,18d 3h 46m,18d 3h 46m
BTCBUSD Perpetual,0,158.68%,111.08,20d 17h 28m,20d 17h 28m
BTCBUSD Perpetual,1,158.60%,111.02,20d 17h 27m,20d 17h 27m
ETHUSDT Perpetual,0,158.52%,158.53,20d 22h 41m,20d 22h 41m
SNXUSDT Perpetual,0,158.26%,23.74,22d 2h 55m,22d 2h 55m
SOLBUSD Perpetual,0,157.95%,157.96,25d 20h 7m,25d 20h 7m
OGNUSDT Perpetual,0,157.71%,27.60,13d 23h 35m,13d 23h 35m
ETHBUSD Perpetual,0,157.13%,314.26,22d 19h 40m,22d 19h 40m
ETHBUSD Perpetual,2,154.99%,20.23,25d 10h 27m,25d 10h 27m
LITUSDT Perpetual,0,154.28%,28.05,23d 10h 13m,23d 10h 13m
ETHUSDT Perpetual,0,152.99%,16.83,27d 5h 15m,27d 5h 15m
APEBUSD Perpetual,0,152.18%,2.97,16d 16h 20m,16d 16h 20m
XEMUSDT Perpetual,26,151.69%,30.34,9d 13h 52m,9d 13h 52m
DODOBUSD Perpetual,0,150.77%,18.97,14d 12h 32m,14d 12h 32m
XRPUSDT Perpetual,1,150.55%,1.49,24d 18h 33m,24d 18h 33m
ATOMUSDT Perpetual,0,150.24%,241.89,60d 18h 49m,60d 18h 49m
ETHBUSD Perpetual,0,148.98%,144.52,28d 14h 51m,28d 14h 51m
DOTUSDT Perpetual,0,148.62%,22.67,19d 23h 10m,19d 23h 10m
SANDUSDT Perpetual,0,147.83%,73.92,50d 22h 13m,50d 22h 13m
SUSHIUSDT Perpetual,0,146.56%,17.44,27d 21h 11m,27d 21h 11m
DOGEUSDT Perpetual,1,146.43%,117.91,30d 15h 23m,30d 15h 23m
BTCUSDT Perpetual,2,145.79%,109.80,14d 17h 38m,14d 17h 38m
APEBUSD Perpetual,0,145.13%,1814.22,31d 5h 34m,31d 5h 34m
SOLUSDT Perpetual,0,145.07%,217.61,11d 12h 25m,11d 12h 25m
ZENUSDT Perpetual,0,144.96%,384.16,1y 62d 10h 28m,1y 62d 10h 28m
LITUSDT Perpetual,0,144.00%,360.02,24d 8h 53m,24d 8h 53m
BTCUSDT Perpetual,0,143.94%,575.79,20d 14h 12m,20d 14h 12m
1000LUNCBUSD Perpetual,0,143.23%,14323.24,14d 8h 39m,14d 8h 39m
WAVESUSDT Perpetual,0,142.91%,142.92,59d 18h 37m,59d 18h 37m
TLMBUSD Perpetual,0,142.85%,35.71,32d 7h 29m,32d 7h 29m
MATICUSDT Perpetual,2,142.74%,71.37,48d 6h 7m,48d 6h 7m
SANDUSDT Perpetual,0,142.10%,213.16,11d 14h 16m,11d 14h 16m
ADABUSD Perpetual,0,142.07%,1829.96,60d 1h 33m,60d 1h 33m
ADAUSDT Perpetual,2,142.02%,1846.38,40d 19h 57m,40d 19h 57m
GMTUSDT Perpetual,0,141.63%,708.19,13d 22h 5m,13d 22h 5m
XRPUSDT Perpetual,0,141.60%,7.08,23d 5h 5m,23d 5h 5m
LUNA2BUSD Perpetual,2,141.15%,6.20,31d 10h 25m,31d 10h 25m
CHZUSDT Perpetual,0,139.87%,53.21,54d 14h 9m,54d 14h 9m
BNBBUSD Perpetual,7,139.51%,1796.93,61d 3h 41m,61d 3h 41m
DASHUSDT Perpetual,0,139.19%,9.47,22d 23h 37m,22d 23h 37m
ETHUSDT Perpetual,1,138.96%,14.02,28d 20h 11m,28d 20h 11m
BATUSDT Perpetual,0,138.49%,22.45,20d 4h 31m,20d 4h 31m
WAVESUSDT Perpetual,0,138.20%,691.02,24d 4h 13m,24d 4h 13m
MTLUSDT Perpetual,0,137.96%,41.39,22d 12h 42m,22d 12h 42m
DOGEUSDT Perpetual,0,137.40%,19.79,47d 7h 14m,47d 7h 14m
BTCBUSD Perpetual,0,136.52%,1365.23,25d 23h 43m,25d 23h 43m
STORJUSDT Perpetual,0,136.44%,30.02,23d 10h 8m,23d 10h 8m
BTCBUSD Perpetual,7,136.08%,194.60,23d 18h 20m,23d 18h 20m
PEOPLEUSDT Perpetual,0,135.23%,29.25,21d 20h 36m,21d 20h 36m
AXSUSDT Perpetual,0,135.01%,189.01,26d 14h 46m,26d 14h 46m
UNIUSDT Perpetual,0,134.96%,365.76,1y 53d 2h 37m,1y 53d 2h 37m
CHZUSDT Perpetual,0,133.66%,69.99,17d 23h 1m,17d 23h 1m
ETHUSDT Perpetual,1,133.41%,21.35,17d 10h 9m,17d 10h 9m
LINKUSDT Perpetual,1,133.32%,20.04,10d 6h 40m,10d 6h 40m
XRPUSDT Perpetual,0,131.81%,41.52,1y 40d 11h 21m,1y 40d 11h 21m
ANTUSDT Perpetual,0,131.24%,19.69,26d 10h 24m,26d 10h 24m
STORJUSDT Perpetual,0,130.78%,3.92,9d 2h 6m,9d 2h 6m
SOLUSDT Perpetual,0,129.19%,21.51,15d 20h 35m,15d 20h 35m
MATICUSDT Perpetual,0,129.10%,60.68,39d 7h 42m,39d 7h 42m
WAVESUSDT Perpetual,0,128.62%,78.46,11d 23h 20m,11d 23h 20m
MATICUSDT Perpetual,0,127.88%,6.39,1y 48d 21h 40m,1y 48d 21h 40m
RVNUSDT Perpetual,0,127.63%,12.76,25d 18h 29m,25d 18h 29m
1000SHIBUSDT Perpetual,1,127.44%,31.86,21d 25m,21d 25m
SOLUSDT Perpetual,0,127.13%,254.27,27d 6h 38m,27d 6h 38m
WAVESUSDT Perpetual,0,126.37%,63.19,43d 1h 3m,43d 1h 3m
SOLBUSD Perpetual,0,125.34%,1614.43,30d 14h 19m,30d 14h 19m
PEOPLEUSDT Perpetual,0,125.14%,250.28,30d 13h 13m,30d 13h 13m
TOMOUSDT Perpetual,0,124.86%,249.73,29d 13h 35m,29d 13h 35m
ETHUSDT Perpetual,7,124.06%,62.03,7d 6h 57m,7d 6h 57m
TRBUSDT Perpetual,0,123.97%,14.26,28d 22h 42m,28d 22h 42m
ANCBUSD Perpetual,2,123.90%,12390.55,22d 13h 51m,22d 13h 51m
ETHUSDT Perpetual,1,123.75%,30.94,24d 22h 38m,24d 22h 38m
SOLBUSD Perpetual,2,122.88%,65.15,23d 14h 54m,23d 14h 54m
LTCUSDT Perpetual,0,122.88%,24.58,26d 37m,26d 37m
TLMBUSD Perpetual,0,122.62%,29.92,14d 12h 34m,14d 12h 34m
APEUSDT Perpetual,0,122.58%,13.48,15d 16h 56m,15d 16h 56m
UNFIUSDT Perpetual,0,122.19%,244.40,25d 20h 50m,25d 20h 50m
WAVESUSDT Perpetual,0,121.39%,72.83,22d 22h 55m,22d 22h 55m
1000SHIBUSDT Perpetual,0,121.31%,15.82,18d 4h 41m,18d 4h 41m
APEBUSD Perpetual,0,120.70%,100.29,12d 9h 57m,12d 9h 57m
BTCBUSD Perpetual,0,119.54%,1191.23,23d 12h 30m,23d 12h 30m
PEOPLEUSDT Perpetual,1,119.04%,238.82,51d 53m,51d 53m
SNXUSDT Perpetual,0,118.96%,26.17,13d 15h 37m,13d 15h 37m
ROSEUSDT Perpetual,0,118.92%,170.81,22d 9h 37m,22d 9h 37m
DODOBUSD Perpetual,1,118.84%,11884.90,45d 8h 52m,45d 8h 52m
ADAUSDT Perpetual,0,118.59%,35.58,1y 56d 9h 47m,1y 56d 9h 47m
BNBUSDT Perpetual,0,118.22%,41.16,28d 19h 27m,28d 19h 27m
ADAUSDT Perpetual,0,117.59%,24.06,27d 3h 22m,27d 3h 22m
SUSHIUSDT Perpetual,0,117.45%,1174.51,29d 9h 49m,29d 9h 49m
CELRUSDT Perpetual,0,117.16%,175.75,11d 6h 47m,11d 6h 47m
GMTUSDT Perpetual,0,116.96%,83.05,16d 5h 9m,16d 5h 9m
BNBUSDT Perpetual,0,116.95%,3.51,43d 23h 2m,43d 23h 2m
BTCUSDT Perpetual,0,116.94%,46.78,23d 18h 59m,23d 18h 59m
TRXUSDT Perpetual,0,116.00%,230.84,62d 3h 49m,62d 3h 49m
1000LUNCBUSD Perpetual,0,115.94%,55.36,12d 11h 49m,12d 11h 49m
AVAXBUSD Perpetual,0,115.64%,17.35,27d 5h 50m,27d 5h 50m
APEBUSD Perpetual,0,114.91%,5.75,15d 21h 43m,15d 21h 43m
BNBUSDT Perpetual,0,114.83%,153.10,11d 8h 27m,11d 8h 27m
GMTBUSD Perpetual,1,114.23%,36.55,22d 10h 34m,22d 10h 34m
GMTBUSD Perpetual,2,114.07%,2.40,18d 5h 42m,18d 5h 42m
PEOPLEUSDT Perpetual,6,113.65%,2273.03,15d 32m,15d 32m
BNXUSDT Perpetual,2,113.63%,8522.75,28d 23h 43m,28d 23h 43m
XTZUSDT Perpetual,0,113.07%,16.15,14d 13h,14d 13h
BTCBUSD Perpetual,0,113.02%,226.05,22d 19h 44m,22d 19h 44m
1000SHIBUSDT Perpetual,0,113.00%,33.90,19d 14h 3m,19d 14h 3m
AVAXBUSD Perpetual,0,112.99%,169.50,26d 11h 52m,26d 11h 52m
ETHUSDT Perpetual,0,112.57%,45.03,27d 14m,27d 14m
DOTUSDT Perpetual,0,112.51%,83.09,27d 12h 10m,27d 12h 10m
1000SHIBUSDT Perpetual,0,112.01%,33.61,22d 5h 8m,22d 5h 8m
DEFIUSDT Perpetual,0,111.69%,11.26,22d 7h 19m,22d 7h 19m
ALGOUSDT Perpetual,1,110.36%,71.74,31d 2h 52m,31d 2h 52m
1000SHIBUSDT Perpetual,0,110.20%,220.41,19d 12h 44m,19d 12h 44m
1000SHIBUSDT Perpetual,0,110.05%,11.48,42d 22h 33m,42d 22h 33m
BTCUSDT Perpetual,0,109.95%,16.49,14d 8h 35m,14d 8h 35m
GMTUSDT Perpetual,7,109.48%,6.57,16d 7h 9m,16d 7h 9m
GALBUSD Perpetual,0,109.31%,273.29,26d 23h 41m,26d 23h 41m
BTCUSDT Perpetual,0,108.74%,5.44,14d 11h 14m,14d 11h 14m
ETHUSDT Perpetual,0,108.38%,50.51,28d 19h 20m,28d 19h 20m
ANTUSDT Perpetual,0,107.79%,7.55,26d 2h 9m,26d 2h 9m
BTCUSDT Perpetual,1,107.77%,247.88,16d 3h 37m,16d 3h 37m
ICPBUSD Perpetual,0,107.65%,1076.59,32d 5h 42m,32d 5h 42m
XMRUSDT Perpetual,0,107.58%,157.07,119d 1h 56m,119d 1h 56m
LTCUSDT Perpetual,0,107.56%,61.63,62d 2h 51m,62d 2h 51m
PEOPLEUSDT Perpetual,0,107.42%,21.49,20d 22h 41m,20d 22h 41m
ADABUSD Perpetual,1,106.97%,320.94,34d 20h 22m,34d 20h 22m
ICPBUSD Perpetual,0,106.95%,1336.99,32d 5h 29m,32d 5h 29m
SKLUSDT Perpetual,0,106.85%,37.40,28d 18h 25m,28d 18h 25m
CVCUSDT Perpetual,0,106.66%,16.00,137d 24m,137d 24m
1000LUNCBUSD Perpetual,0,105.94%,1059.42,13d 9h 4m,13d 9h 4m
ETCUSDT Perpetual,0,105.70%,155.39,119d 1h 54m,119d 1h 54m
SANDUSDT Perpetual,0,105.64%,528.23,29d 12h 40m,29d 12h 40m
ALICEUSDT Perpetual,0,105.43%,527.16,61d 3h,61d 3h
1000SHIBUSDT Perpetual,0,105.14%,106.30,20d 21h 57m,20d 21h 57m
DOTBUSD Perpetual,0,104.85%,314.58,33d 21h 30m,33d 21h 30m
TLMBUSD Perpetual,0,104.84%,104.84,12d 5h 57m,12d 5h 57m
GTCUSDT Perpetual,0,104.42%,730.97,45d 8h 52m,45d 8h 52m
BTCUSDT Perpetual,0,103.96%,87.43,5d 22h 40m,5d 22h 40m
BTCBUSD Perpetual,0,103.88%,149.59,25d 1h 55m,25d 1h 55m
DOTUSDT Perpetual,25,103.82%,1.45,8d 9h 50m,8d 9h 50m
DOGEBUSD Perpetual,0,103.62%,15.02,170d 22h 4m,170d 22h 4m
DUSKUSDT Perpetual,0,103.58%,258.96,28d 13h 26m,28d 13h 26m
ETHUSDT Perpetual,0,103.56%,103.57,22d 19h 36m,22d 19h 36m
1000SHIBUSDT Perpetual,0,102.97%,10.37,20d 15h 51m,20d 15h 51m
ADABUSD Perpetual,0,102.09%,17.36,59d 7h 31m,59d 7h 31m
ETHUSDT Perpetual,1,101.99%,2.91,18d 45m,18d 45m
ADAUSDT Perpetual,0,101.75%,25.44,12d 16h 22m,12d 16h 22m
GALAUSDT Perpetual,0,101.60%,4.46,17d 1h 5m,17d 1h 5m
NEOUSDT Perpetual,0,100.72%,1259.03,61d 22h 53m,61d 22h 53m
ADAUSDT Perpetual,0,100.26%,6.02,11d 10h 42m,11d 10h 42m
AUDIOUSDT Perpetual,4,99.77%,19.95,18d 21h 1m,18d 21h 1m
ETHUSDT Perpetual,0,99.01%,250.75,21d 7h 15m,21d 7h 15m
BTCUSDT Perpetual,0,98.76%,23.66,8d 9h 31m,8d 9h 31m
EOSUSDT Perpetual,0,97.84%,14.68,29d 6h 19m,29d 6h 19m
BTCUSDT Perpetual,0,97.75%,20.30,22d 12m,22d 12m
ATOMUSDT Perpetual,0,97.40%,454.34,26d 21h 44m,26d 21h 44m
XRPUSDT Perpetual,0,96.96%,48.48,11d 16h 29m,11d 16h 29m
BNBUSDT Perpetual,0,96.73%,5.03,19d 15h 11m,19d 15h 11m
AXSUSDT Perpetual,0,96.48%,2991.14,38d 8h 48m,38d 8h 48m
NKNUSDT Perpetual,0,96.36%,23.13,44d 4h 24m,44d 4h 24m
WAVESUSDT Perpetual,0,96.00%,240.01,1y 67d 10h 17m,1y 67d 10h 17m
HNTUSDT Perpetual,0,95.87%,38.35,43d 22h 54m,43d 22h 54m
ATOMUSDT Perpetual,0,95.86%,20.13,24d 23h 39m,24d 23h 39m
MANAUSDT Perpetual,0,95.63%,25.78,59d 55m,59d 55m
MATICUSDT Perpetual,3,94.27%,9.43,23h 15m,23h 15m
LTCUSDT Perpetual,0,94.14%,941.47,226d 1h 33m,226d 1h 33m
BTCBUSD Perpetual,0,93.72%,937.23,21d 23h 54m,21d 23h 54m
PEOPLEUSDT Perpetual,0,93.59%,67.39,21d 12h 52m,21d 12h 52m
ADAUSDT Perpetual,0,93.36%,86.61,54d 19h 25m,54d 19h 25m
ETHUSDT Perpetual,0,93.04%,13.88,27d 12h 45m,27d 12h 45m
BTCUSDT Perpetual,0,93.02%,93.03,23d 7h 54m,23d 7h 54m
XEMUSDT Perpetual,13,92.91%,18.58,9d 5h 44m,9d 5h 44m
LINAUSDT Perpetual,0,92.79%,417.60,41d 1h 54m,41d 1h 54m
BTCBUSD Perpetual,0,92.77%,69.73,28d 17h 22m,28d 17h 22m
SOLBUSD Perpetual,0,92.51%,1850.22,31d 23h 18m,31d 23h 18m
LINKUSDT Perpetual,1,92.37%,55.42,10d 2h 45m,10d 2h 45m
LTCUSDT Perpetual,0,92.24%,54.42,30d 2h 55m,30d 2h 55m
BTCUSDT Perpetual,2,91.86%,1102.39,27d 5h 25m,27d 5h 25m
BTCBUSD Perpetual,0,91.74%,30.27,15d 13h 47m,15d 13h 47m
NEARBUSD Perpetual,0,91.62%,13.84,27d 5h 56m,27d 5h 56m
DOGEUSDT Perpetual,0,91.60%,45.80,27d 14h 58m,27d 14h 58m
APEBUSD Perpetual,0,91.60%,9.16,19d 10h 42m,19d 10h 42m
BTCUSDT Perpetual,0,91.52%,19.82,231d 8h 1m,231d 8h 1m
1000LUNCBUSD Perpetual,0,91.40%,914.03,15d 3h 22m,15d 3h 22m
ADAUSDT Perpetual,0,91.21%,6.46,11d 23h 14m,11d 23h 14m
COMPUSDT Perpetual,0,91.12%,98.06,21d 4h 44m,21d 4h 44m
BTCBUSD Perpetual,0,90.99%,193.81,27d 7h 10m,27d 7h 10m
SUSHIUSDT Perpetual,0,90.95%,2.53,252d 17h 50m,252d 17h 50m
NEARUSDT Perpetual,0,90.64%,51.67,27d 8h 15m,27d 8h 15m
LUNA2BUSD Perpetual,0,90.58%,99.64,22d 9h 5m,22d 9h 5m
CRVUSDT Perpetual,0,90.44%,10.03,7d 18m,7d 18m
NEOUSDT Perpetual,0,90.10%,225.25,28d 14h 28m,28d 14h 28m
MTLUSDT Perpetual,0,90.02%,56.71,26d 17h 26m,26d 17h 26m
ADAUSDT Perpetual,0,89.87%,55.57,23d 56m,23d 56m
BELUSDT Perpetual,0,89.39%,22.19,10d 21h 8m,10d 21h 8m
GALAUSDT Perpetual,0,89.34%,307.75,29d 7h 55m,29d 7h 55m
MANAUSDT Perpetual,0,89.32%,71.46,26d 4h 49m,26d 4h 49m
BTCUSDT Perpetual,0,89.06%,26.82,27d 3h 21m,27d 3h 21m
1000LUNCBUSD Perpetual,0,88.91%,266.74,7d 2h 28m,7d 2h 28m
FILUSDT Perpetual,0,88.26%,3310.06,38d 37m,38d 37m
XRPUSDT Perpetual,0,88.22%,4.74,9d 23h 51m,9d 23h 51m
TRXBUSD Perpetual,0,88.20%,176.41,28d 4h 18m,28d 4h 18m
ETHBUSD Perpetual,0,87.81%,43.91,21d 24m,21d 24m
1000SHIBUSDT Perpetual,0,87.79%,43.90,20d 12h 57m,20d 12h 57m
LUNA2BUSD Perpetual,0,87.74%,318.07,24d 21h 5m,24d 21h 5m
ADAUSDT Perpetual,1,87.58%,43.79,29d 7h 26m,29d 7h 26m
DOTUSDT Perpetual,0,87.55%,875.55,329d 7h 44m,329d 7h 44m
BNBUSDT Perpetual,0,87.41%,480.79,166d 4h 18m,166d 4h 18m
FLMUSDT Perpetual,0,87.40%,1048.90,30d 3h 15m,30d 3h 15m
BELUSDT Perpetual,0,87.33%,558.94,38d 17h 39m,38d 17h 39m
ADAUSDT Perpetual,0,87.15%,15.71,24d 23h 37m,24d 23h 37m
BTCBUSD Perpetual,0,87.14%,191.89,208d 14h 32m,208d 14h 32m
ETHUSDT Perpetual,0,86.95%,1739.17,166d 3h 59m,166d 3h 59m
ADABUSD Perpetual,0,86.49%,17.30,28d 21h 2m,28d 21h 2m
SOLBUSD Perpetual,0,86.05%,83.26,38d 55m,38d 55m
SOLBUSD Perpetual,0,85.69%,4284.91,27d 22h 12m,27d 22h 12m
LTCUSDT Perpetual,0,85.62%,1.50,29d 3h 22m,29d 3h 22m
VETUSDT Perpetual,0,85.45%,4.65,28d 20h 51m,28d 20h 51m
GALUSDT Perpetual,0,85.24%,1065.60,45d 13h 22m,45d 13h 22m
APEBUSD Perpetual,0,85.17%,9.89,10d 21h 4m,10d 21h 4m
BTCUSDT Perpetual,0,84.88%,101.87,29d 21m,29d 21m
1000SHIBUSDT Perpetual,0,84.87%,2.55,17d 8h 6m,17d 8h 6m
ETHUSDT Perpetual,0,84.85%,21.21,21d 21h 8m,21d 21h 8m
REEFUSDT Perpetual,0,84.79%,11.87,50d 6h 24m,50d 6h 24m
BANDUSDT Perpetual,0,84.50%,9.30,18d 3h 9m,18d 3h 9m
WAVESUSDT Perpetual,1,84.27%,842.71,223d 16h 54m,223d 16h 54m
DARUSDT Perpetual,0,84.26%,42.13,20d 5h 33m,20d 5h 33m
APEBUSD Perpetual,0,84.11%,1051.46,21d 12h 28m,21d 12h 28m
SANDUSDT Perpetual,0,83.86%,25.16,17d 46m,17d 46m
ETHBUSD Perpetual,1,83.78%,139.08,27d 7h 14m,27d 7h 14m
SRMUSDT Perpetual,0,83.68%,836.85,13d 20h 57m,13d 20h 57m
BELUSDT Perpetual,0,83.61%,83.62,14d 11h 18m,14d 11h 18m
SANDUSDT Perpetual,0,83.56%,12.53,13d 21h 19m,13d 21h 19m
DOGEBUSD Perpetual,2,83.35%,121.70,29d 12h 32m,29d 12h 32m
LINKUSDT Perpetual,0,83.21%,416.07,64d 13h 30m,64d 13h 30m
GRTUSDT Perpetual,0,83.15%,33.26,46d 5h 2m,46d 5h 2m
KAVAUSDT Perpetual,0,82.36%,205.91,1y 66d 12h 6m,1y 66d 12h 6m
MTLUSDT Perpetual,0,82.35%,82.35,31d 4h 35m,31d 4h 35m
GMTUSDT Perpetual,0,82.29%,60.07,51d 9h 49m,51d 9h 49m
ICPBUSD Perpetual,0,81.96%,90.17,3d 15h 45m,3d 15h 45m
DODOBUSD Perpetual,0,81.67%,816.72,29d 8h 22m,29d 8h 22m
ETHBUSD Perpetual,0,81.60%,15.50,13d 17h 9m,13d 17h 9m
GALAUSDT Perpetual,0,81.49%,391.20,51d 8h 15m,51d 8h 15m
1000SHIBUSDT Perpetual,0,81.47%,8.15,20d 2h 48m,20d 2h 48m
1000LUNCBUSD Perpetual,0,81.39%,6.61,10d 21h 56m,10d 21h 56m
IOTAUSDT Perpetual,0,81.29%,178.84,28d 22h 38m,28d 22h 38m
BELUSDT Perpetual,0,81.06%,12.16,10d 2h 18m,10d 2h 18m
IMXUSDT Perpetual,0,81.02%,64.82,51d 14h 38m,51d 14h 38m
NEARUSDT Perpetual,0,80.94%,404.73,17d 6h 8m,17d 6h 8m
ROSEUSDT Perpetual,0,80.82%,40.41,28d 10h 32m,28d 10h 32m
PEOPLEUSDT Perpetual,0,80.81%,54.96,22d 15h 53m,22d 15h 53m
SOLUSDT Perpetual,0,80.78%,49.54,12d 5h,12d 5h
DYDXUSDT Perpetual,1,80.73%,32.29,7d 10h 48m,7d 10h 48m
XRPUSDT Perpetual,1,80.47%,20.12,29d 6h 15m,29d 6h 15m
CRVUSDT Perpetual,0,80.11%,75.21,60d 18h 59m,60d 18h 59m
BTCUSDT Perpetual,0,80.10%,40.05,23d 18h 50m,23d 18h 50m
ADAUSDT Perpetual,0,79.72%,14.41,13d 6h 26m,13d 6h 26m
OCEANUSDT Perpetual,0,79.60%,31.84,26d 11h 27m,26d 11h 27m
FLMUSDT Perpetual,0,79.34%,158.68,28d 17h 12m,28d 17h 12m
1000SHIBUSDT Perpetual,0,79.26%,35.53,21d 1h 47m,21d 1h 47m
ETHBUSD Perpetual,0,78.76%,14.97,14d 12h 58m,14d 12h 58m
NEARBUSD Perpetual,0,78.25%,586.91,16d 6h 59m,16d 6h 59m
CELRUSDT Perpetual,0,78.24%,62.59,165d 12h 23m,165d 12h 23m
CHRUSDT Perpetual,0,78.22%,391.11,60d 21h 7m,60d 21h 7m
GMTUSDT Perpetual,0,78.20%,39.10,21d 7h 44m,21d 7h 44m
ADABUSD Perpetual,0,78.18%,70.32,57d 13h 3m,57d 13h 3m
BTCUSDT Perpetual,9,78.11%,31244.51,46d 23h 58m,46d 23h 58m
KAVAUSDT Perpetual,0,78.10%,390.55,51d 10h 52m,51d 10h 52m
BTCDOMUSDT Perpetual,0,77.64%,10.09,60d 22h 5m,60d 22h 5m
KAVAUSDT Perpetual,9,77.55%,2.87,8d 13h 15m,8d 13h 15m
DENTUSDT Perpetual,0,77.53%,775.33,29d 9h 55m,29d 9h 55m
XRPBUSD Perpetual,0,77.50%,11.63,25d 39m,25d 39m
ETHUSDT Perpetual,0,77.48%,3874.27,59d 13h 32m,59d 13h 32m
GMTUSDT Perpetual,0,77.32%,773.21,63d 2h 23m,63d 2h 23m
XMRUSDT Perpetual,0,77.24%,463.45,51d 10h 47m,51d 10h 47m
BTCUSDT Perpetual,0,77.22%,4.63,8d 7h 59m,8d 7h 59m
ETHUSDT Perpetual,0,77.07%,45.86,12d 23h 39m,12d 23h 39m
BNXUSDT Perpetual,1,76.89%,5767.15,27d 1h 27m,27d 1h 27m
LINKUSDT Perpetual,1,76.89%,4.40,6d 8h 3m,6d 8h 3m
HNTUSDT Perpetual,0,76.82%,11.52,12d 3h 45m,12d 3h 45m
SOLUSDT Perpetual,0,76.80%,153.61,8d 12h 49m,8d 12h 49m
SOLUSDT Perpetual,2,76.78%,30715.56,45d 3h 6m,45d 3h 6m
BTCUSDT Perpetual,0,76.70%,997.20,24d 4h 51m,24d 4h 51m
BTCUSDT Perpetual,0,76.64%,84.31,28d 23h 22m,28d 23h 22m
ETHUSDT Perpetual,0,76.53%,4.22,16d 15h 33m,16d 15h 33m
SRMUSDT Perpetual,3,76.42%,3.06,2d 17h,2d 17h
XTZUSDT Perpetual,0,76.25%,114.38,7d 23h 26m,7d 23h 26m
FTMBUSD Perpetual,0,76.24%,14.49,20d 11h 32m,20d 11h 32m
SOLUSDT Perpetual,0,76.19%,200.69,3d 17h 59m,3d 17h 59m
BELUSDT Perpetual,0,76.04%,190.12,23d 13h 11m,23d 13h 11m
MTLUSDT Perpetual,0,76.04%,152.08,28d 15h 20m,28d 15h 20m
ADAUSDT Perpetual,2,75.99%,166.55,31d 1m,31d 1m
BTCUSDT Perpetual,0,75.86%,1062.09,24d 5h 2m,24d 5h 2m
1INCHUSDT Perpetual,0,75.74%,38.08,22d 1h 27m,22d 1h 27m
ETHBUSD Perpetual,0,75.56%,20.25,14d 21h 31m,14d 21h 31m
UNFIUSDT Perpetual,0,75.46%,4905.16,33d 12h 54m,33d 12h 54m
ICPBUSD Perpetual,0,75.45%,113.19,21d 12h 47m,21d 12h 47m
1000LUNCBUSD Perpetual,0,75.13%,150.27,12d 23h 40m,12d 23h 40m
LUNA2BUSD Perpetual,0,75.09%,300.39,33d 21h 43m,33d 21h 43m
BNBUSDT Perpetual,0,75.07%,75.07,19d 7h 56m,19d 7h 56m
DOTBUSD Perpetual,0,75.06%,17.02,8d 16h 9m,8d 16h 9m
DOTBUSD Perpetual,0,74.98%,6.00,22d 16h 54m,22d 16h 54m
XRPUSDT Perpetual,0,74.93%,449.59,28d 15h 18m,28d 15h 18m
ATAUSDT Perpetual,0,74.81%,149.63,10d 23h 38m,10d 23h 38m
BTCUSDT Perpetual,0,74.73%,236.18,3d 23h 23m,3d 23h 23m
BTCUSDT Perpetual,0,74.73%,112.10,12d 4h 48m,12d 4h 48m
XRPBUSD Perpetual,0,74.69%,224.10,39d 2h 19m,39d 2h 19m
DOGEBUSD Perpetual,0,74.54%,22.36,22d 7h 31m,22d 7h 31m
NEARBUSD Perpetual,0,74.38%,148.78,10d 21h 3m,10d 21h 3m
PEOPLEUSDT Perpetual,0,74.23%,11.93,26d 23h 11m,26d 23h 11m
SRMUSDT Perpetual,0,73.92%,22.17,3d 2h 24m,3d 2h 24m
1000LUNCBUSD Perpetual,25,73.67%,11.90,10d 20h 2m,10d 20h 2m
WAVESBUSD Perpetual,0,73.51%,588.12,8d 3h 59m,8d 3h 59m
UNFIUSDT Perpetual,0,73.51%,303.24,3d 21h 26m,3d 21h 26m
GALUSDT Perpetual,0,73.30%,109.96,13d 2h 29m,13d 2h 29m
IMXUSDT Perpetual,0,73.25%,915.74,43d 18h 15m,43d 18h 15m
MANAUSDT Perpetual,0,73.04%,8.03,10d 9h 40m,10d 9h 40m
BTCBUSD Perpetual,0,72.83%,51.71,26d 12h 3m,26d 12h 3m
TOMOUSDT Perpetual,0,72.72%,181.82,1y 64d 19h 11m,1y 64d 19h 11m
MATICUSDT Perpetual,0,72.67%,519.07,14d 8h 8m,14d 8h 8m
XTZUSDT Perpetual,0,72.59%,21.78,9d 8h 46m,9d 8h 46m
ROSEUSDT Perpetual,1,72.53%,15.23,34d 9h 29m,34d 9h 29m
ETHBUSD Perpetual,1,72.48%,18122.50,26d 22h 4m,26d 22h 4m
UNFIUSDT Perpetual,0,72.29%,2.89,8d 16h 16m,8d 16h 16m
OPUSDT Perpetual,0,72.09%,288.40,33d 16h 19m,33d 16h 19m
CHRUSDT Perpetual,0,72.04%,288.20,29d 5h 47m,29d 5h 47m
ETHUSDT Perpetual,0,72.02%,6.40,4d 22h 52m,4d 22h 52m
1000XECUSDT Perpetual,0,71.97%,179.95,13d 8h 7m,13d 8h 7m
ETHBUSD Perpetual,0,71.97%,50.25,7d 9h 51m,7d 9h 51m
GMTBUSD Perpetual,1,71.96%,155.12,20d 2h 9m,20d 2h 9m
MANAUSDT Perpetual,0,71.86%,7.08,28d 8h 50m,28d 8h 50m
ETCUSDT Perpetual,0,71.83%,3591.91,148d 50m,148d 50m
GALABUSD Perpetual,0,71.76%,8.55,7d 12h 35m,7d 12h 35m
APEUSDT Perpetual,0,71.73%,104.01,15d 2h 17m,15d 2h 17m
BTCUSDT Perpetual,0,71.67%,43.00,27d 11h 32m,27d 11h 32m
1000LUNCBUSD Perpetual,0,71.58%,2002.58,13d 1h 7m,13d 1h 7m
SNXUSDT Perpetual,1,71.52%,7152.58,22d 10h 36m,22d 10h 36m
LPTUSDT Perpetual,0,71.48%,178.71,17d 13h 48m,17d 13h 48m
ETHBUSD Perpetual,1,71.03%,13.18,26d 22h 25m,26d 22h 25m
ETHBUSD Perpetual,2,70.80%,1.31,16d 16h 18m,16d 16h 18m
LUNA2BUSD Perpetual,0,70.66%,22.48,28d 17h 27m,28d 17h 27m
1000LUNCBUSD Perpetual,0,70.59%,882.47,15d 2h 37m,15d 2h 37m
ETHUSDT Perpetual,0,70.55%,853.52,24d 6h,24d 6h
OCEANUSDT Perpetual,0,70.53%,4.94,223d 13h 44m,223d 13h 44m
FILUSDT Perpetual,0,70.33%,35.17,10d 11h 12m,10d 11h 12m
SOLUSDT Perpetual,0,70.28%,59.74,22d 10h 39m,22d 10h 39m
BELUSDT Perpetual,0,70.24%,15.55,26d 10h 18m,26d 10h 18m
ETHUSDT Perpetual,0,70.17%,140.36,22d 3h 11m,22d 3h 11m
ENSUSDT Perpetual,0,70.07%,118.43,61d 1h 49m,61d 1h 49m
1000SHIBUSDT Perpetual,0,70.07%,668.89,47d 23h 9m,47d 23h 9m
1000LUNCBUSD Perpetual,0,70.07%,14.00,7d 12h 38m,7d 12h 38m
ETHBUSD Perpetual,0,69.93%,3.50,8d 4h 4m,8d 4h 4m
BNBUSDT Perpetual,0,69.70%,697.07,1y 44d 14h 38m,1y 44d 14h 38m
BTCUSDT Perpetual,0,69.48%,173.70,7d 2h 10m,7d 2h 10m
MANAUSDT Perpetual,0,69.42%,27.77,246d 13h 24m,246d 13h 24m
C98USDT Perpetual,0,69.40%,208.22,13d 21h 38m,13d 21h 38m
GMTUSDT Perpetual,7,69.29%,69.29,3d 5h 2m,3d 5h 2m
SOLUSDT Perpetual,0,69.16%,203.32,7d 18h 6m,7d 18h 6m
BTCBUSD Perpetual,0,69.16%,345.81,16d 8h 4m,16d 8h 4m
ETHUSDT Perpetual,0,68.98%,517.38,12d 2h 13m,12d 2h 13m
BTCUSDT Perpetual,0,68.94%,95.44,3d 4h 50m,3d 4h 50m
GALAUSDT Perpetual,0,68.87%,344.39,55d 35m,55d 35m
DOGEBUSD Perpetual,0,68.80%,624.06,16d 1h 44m,16d 1h 44m
BTCUSDT Perpetual,0,68.71%,171.78,15d 46m,15d 46m
DOTUSDT Perpetual,0,68.62%,3.29,6d 8h 2m,6d 8h 2m
ICPBUSD Perpetual,0,68.61%,333.36,23d 16h 25m,23d 16h 25m
CHZUSDT Perpetual,0,68.61%,20.58,2d 9h 49m,2d 9h 49m
ATOMUSDT Perpetual,0,68.58%,137.16,10d 1h 43m,10d 1h 43m
ADAUSDT Perpetual,0,68.50%,34.25,28d 10h 34m,28d 10h 34m
BNBUSDT Perpetual,0,68.35%,6237.09,20d 11h 49m,20d 11h 49m
GALAUSDT Perpetual,0,68.22%,14.33,11d 10h 43m,11d 10h 43m
API3USDT Perpetual,0,68.02%,136.05,26d 10h 38m,26d 10h 38m
WAVESUSDT Perpetual,2,67.73%,7.84,8d 27m,8d 27m
DYDXUSDT Perpetual,0,67.72%,338.61,7d 3h 22m,7d 3h 22m
FTMBUSD Perpetual,0,67.70%,7.45,34d 16h 11m,34d 16h 11m
BTCBUSD Perpetual,0,67.68%,39.26,12d 2h 1m,12d 2h 1m
ADABUSD Perpetual,0,67.57%,810.86,60d 10h 38m,60d 10h 38m
NEOUSDT Perpetual,1,67.56%,30.40,1d 22h 38m,1d 22h 38m